{"cpu": {"count": "1", "vendor": "AuthenticAMD", "model": "AMD EPYC 7713P 64-Core Processor"}, "chassis": {"vendor": "MCT", "type": "Capri"}, "mainboard": {"bios-version": "V2006", "bios-release-date": "07/19/2021", "bios-revision": "5.22", "vendor": "MCT", "type": "Capri", "version": "To be filled by O.E.M.", "serial": "29DJ-B0000Z"}, "memory": {"count": 8, "total": "128 GB", "modules": [{"size": "16 GB", "type": "DDR4", "locator": "DIMM A0", "speed": "3200 MTs", "configured_speed": "3200 MTs", "manufacturer": "Samsung", "serial": "46F6CC47", "part_number": "M393A2K40DB3-CWE"}, {"size": "16 GB", "type": "DDR4", "locator": "DIMM B0", "speed": "3200 MTs", "configured_speed": "3200 MTs", "manufacturer": "Samsung", "serial": "46F6CC58", "part_number": "M393A2K40DB3-CWE"}, {"size": "16 GB", "type": "DDR4", "locator": "DIMM C0", "speed": "3200 MTs", "configured_speed": "3200 MTs", "manufacturer": "Samsung", "serial": "46F6CC41", "part_number": "M393A2K40DB3-CWE"}, {"size": "16 GB", "type": "DDR4", "locator": "DIMM D0", "speed": "3200 MTs", "configured_speed": "3200 MTs", "manufacturer": "Samsung", "serial": "46F6CC54", "part_number": "M393A2K40DB3-CWE"}, {"size": "16 GB", "type": "DDR4", "locator": "DIMM E0", "speed": "3200 MTs", "configured_speed": "3200 MTs", "manufacturer": "Samsung", "serial": "46F6CC59", "part_number": "M393A2K40DB3-CWE"}, {"size": "16 GB", "type": "DDR4", "locator": "DIMM F0", "speed": "3200 MTs", "configured_speed": "3200 MTs", "manufacturer": "Samsung", "serial": "46F6CBD8", "part_number": "M393A2K40DB3-CWE"}, {"size": "16 GB", "type": "DDR4", "locator": "DIMM G0", "speed": "3200 MTs", "configured_speed": "3200 MTs", "manufacturer": "Samsung", "serial": "46F6CC4C", "part_number": "M393A2K40DB3-CWE"}, {"size": "16 GB", "type": "DDR4", "locator": "DIMM H0", "speed": "3200 MTs", "configured_speed": "3200 MTs", "manufacturer": "Samsung", "serial": "46F6CC52", "part_number": "M393A2K40DB3-CWE"}]}, "disk": {"count": 1, "virtual": [], "physical": [{"position": "259:0", "size": "931.5G", "model": "WD Green SN350 1TB                      ", "serial": "23014G804761", "sector": "512", "transport": "nvme"}]}, "network": ["4c:38:d5:1e:51:b4", "10:70:fd:fb:36:96", "10:70:fd:fb:36:97"], "meta": {"node": "MCS1110"}, "infiniband": {"count": 0, "cards": []}, "raid": {"count": 0, "cards": []}, "sas": {"count": 0, "cards": []}, "ethernet": {"count": 3, "cards": [{"slot": "83:00.0", "type": "I210 Gigabit Network Connection", "cpu_id": "-1"}, {"slot": "c1:00.0", "vendor": "Mellanox Technologies", "type": "MT27710 Family [ConnectX-4 Lx]", "cpu_id": "-1"}, {"slot": "c1:00.1", "vendor": "Mellanox Technologies", "type": "MT27710 Family [ConnectX-4 Lx]", "cpu_id": "-1"}]}, "gpu_nvidia": {"count": 0, "cards": []}, "accel_nvidia": {"count": 0, "cards": []}}